Domain Code,Domain,Area Code (M49),Area,Element Code,Element,Item Code,Item,Year Code,Year,Unit,Value,Flag,Flag Description,Note
"OA","Annual population","004","Afghanistan","511","Total Population - Both sexes","3010","Population - Est. & Proj.","2010","2010","1000 No","28284.089","X","Figure from external organization",""
"OA","Annual population","004","Afghanistan","511","Total Population - Both sexes","3010","Population - Est. & Proj.","2011","2011","1000 No","29347.708","X","Figure from external organization",""
"OA","Annual population","004","Afghanistan","511","Total Population - Both sexes","3010","Population - Est. & Proj.","2012","2012","1000 No","30560.034","X","Figure from external organization",""
"OA","Annual population","004","Afghanistan","511","Total Population - Both sexes","3010","Population - Est. & Proj.","2013","2013","1000 No","31622.704","X","Figure from external organization",""
"OA","Annual population","004","Afghanistan","511","Total Population - Both sexes","3010","Population - Est. & Proj.","2014","2014","1000 No","32792.523","X","Figure from external organization",""
"OA","Annual population","004","Afghanistan","511","Total Population - Both sexes","3010","Population - Est. & Proj.","2015","2015","1000 No","33831.764","X","Figure from external organization",""
"OA","Annual population","004","Afghanistan","511","Total Population - Both sexes","3010","Population - Est. & Proj.","2016","2016","1000 No","34700.612","X","Figure from external organization",""
"OA","Annual population","004","Afghanistan","511","Total Population - Both sexes","3010","Population - Est. & Proj.","2017","2017","1000 No","35688.935","X","Figure from external organization",""
"OA","Annual population","004","Afghanistan","511","Total Population - Both sexes","3010","Population - Est. & Proj.","2018","2018","1000 No","36743.039","X","Figure from external organization",""
"OA","Annual population","004","Afghanistan","511","Total Population - Both sexes","3010","Population - Est. & Proj.","2019","2019","1000 No","37856.121","X","Figure from external organization",""
"OA","Annual population","004","Afghanistan","511","Total Population - Both sexes","3010","Population - Est. & Proj.","2020","2020","1000 No","39068.979","X","Figure from external organization",""
"OA","Annual population","004","Afghanistan","511","Total Population - Both sexes","3010","Population - Est. & Proj.","2021","2021","1000 No","40000.412","X","Figure from external organization",""
"OA","Annual population","004","Afghanistan","511","Total Population - Both sexes","3010","Population - Est. & Proj.","2022","2022","1000 No","40578.842","X","Figure from external organization",""
"OA","Annual population","004","Afghanistan","511","Total Population - Both sexes","3010","Population - Est. & Proj.","2023","2023","1000 No","41454.761","X","Figure from external organization",""
"OA","Annual population","004","Afghanistan","511","Total Population - Both sexes","3010","Population - Est. & Proj.","2024","2024","1000 No","42647.492","X","Figure from external organization",""
"OA","Annual population","050","Bangladesh","511","Total Population - Both sexes","3010","Population - Est. & Proj.","2010","2010","1000 No","152201.981","X","Figure from external organization",""
"OA","Annual population","050","Bangladesh","511","Total Population - Both sexes","3010","Population - Est. & Proj.","2011","2011","1000 No","153591.076","X","Figure from external organization",""
"OA","Annual population","050","Bangladesh","511","Total Population - Both sexes","3010","Population - Est. & Proj.","2012","2012","1000 No","155070.101","X","Figure from external organization",""
"OA","Annual population","050","Bangladesh","511","Total Population - Both sexes","3010","Population - Est. & Proj.","2013","2013","1000 No","156532.141","X","Figure from external organization",""
"OA","Annual population","050","Bangladesh","511","Total Population - Both sexes","3010","Population - Est. & Proj.","2014","2014","1000 No","157964.929","X","Figure from external organization",""
"OA","Annual population","050","Bangladesh","511","Total Population - Both sexes","3010","Population - Est. & Proj.","2015","2015","1000 No","159383.179","X","Figure from external organization",""
"OA","Annual population","050","Bangladesh","511","Total Population - Both sexes","3010","Population - Est. & Proj.","2016","2016","1000 No","160811.933","X","Figure from external organization",""
"OA","Annual population","050","Bangladesh","511","Total Population - Both sexes","3010","Population - Est. & Proj.","2017","2017","1000 No","162186.147","X","Figure from external organization",""
"OA","Annual population","050","Bangladesh","511","Total Population - Both sexes","3010","Population - Est. & Proj.","2018","2018","1000 No","163523.103","X","Figure from external organization",""
"OA","Annual population","050","Bangladesh","511","Total Population - Both sexes","3010","Population - Est. & Proj.","2019","2019","1000 No","164913.055","X","Figure from external organization",""
"OA","Annual population","050","Bangladesh","511","Total Population - Both sexes","3010","Population - Est. & Proj.","2020","2020","1000 No","166298.024","X","Figure from external organization",""
"OA","Annual population","050","Bangladesh","511","Total Population - Both sexes","3010","Population - Est. & Proj.","2021","2021","1000 No","167658.855","X","Figure from external organization",""
"OA","Annual population","050","Bangladesh","511","Total Population - Both sexes","3010","Population - Est. & Proj.","2022","2022","1000 No","169384.897","X","Figure from external organization",""
"OA","Annual population","050","Bangladesh","511","Total Population - Both sexes","3010","Population - Est. & Proj.","2023","2023","1000 No","171466.99","X","Figure from external organization",""
"OA","Annual population","050","Bangladesh","511","Total Population - Both sexes","3010","Population - Est. & Proj.","2024","2024","1000 No","173562.364","X","Figure from external organization",""
"OA","Annual population","159","China","511","Total Population - Both sexes","3010","Population - Est. & Proj.","2010","2010","1000 No","1382449.985","X","Figure from external organization",""
"OA","Annual population","159","China","511","Total Population - Both sexes","3010","Population - Est. & Proj.","2011","2011","1000 No","1391242.343","X","Figure from external organization",""
"OA","Annual population","159","China","511","Total Population - Both sexes","3010","Population - Est. & Proj.","2012","2012","1000 No","1400655.332","X","Figure from external organization",""
"OA","Annual population","159","China","511","Total Population - Both sexes","3010","Population - Est. & Proj.","2013","2013","1000 No","1410287.993","X","Figure from external organization",""
"OA","Annual population","159","China","511","Total Population - Both sexes","3010","Population - Est. & Proj.","2014","2014","1000 No","1419354.592","X","Figure from external organization",""
"OA","Annual population","159","China","511","Total Population - Both sexes","3010","Population - Est. & Proj.","2015","2015","1000 No","1427652.016","X","Figure from external organization",""
"OA","Annual population","159","China","511","Total Population - Both sexes","3010","Population - Est. & Proj.","2016","2016","1000 No","1435681.095","X","Figure from external organization",""
"OA","Annual population","159","China","511","Total Population - Both sexes","3010","Population - Est. & Proj.","2017","2017","1000 No","1444079.121","X","Figure from external organization",""
"OA","Annual population","159","China","511","Total Population - Both sexes","3010","Population - Est. & Proj.","2018","2018","1000 No","1450798.227","X","Figure from external organization",""
"OA","Annual population","159","China","511","Total Population - Both sexes","3010","Population - Est. & Proj.","2019","2019","1000 No","1455351.282","X","Figure from external organization",""
"OA","Annual population","159","China","511","Total Population - Both sexes","3010","Population - Est. & Proj.","2020","2020","1000 No","1457942.854","X","Figure from external organization",""
"OA","Annual population","159","China","511","Total Population - Both sexes","3010","Population - Est. & Proj.","2021","2021","1000 No","1458174.603","X","Figure from external organization",""
"OA","Annual population","159","China","511","Total Population - Both sexes","3010","Population - Est. & Proj.","2022","2022","1000 No","1456769.951","X","Figure from external organization",""
"OA","Annual population","159","China","511","Total Population - Both sexes","3010","Population - Est. & Proj.","2023","2023","1000 No","1454058.724","X","Figure from external organization",""
"OA","Annual population","159","China","511","Total Population - Both sexes","3010","Population - Est. & Proj.","2024","2024","1000 No","1450670.411","X","Figure from external organization",""
"OA","Annual population","356","India","511","Total Population - Both sexes","3010","Population - Est. & Proj.","2010","2010","1000 No","1243481.564","X","Figure from external organization",""
"OA","Annual population","356","India","511","Total Population - Both sexes","3010","Population - Est. & Proj.","2011","2011","1000 No","1261224.954","X","Figure from external organization",""
"OA","Annual population","356","India","511","Total Population - Both sexes","3010","Population - Est. & Proj.","2012","2012","1000 No","1278674.502","X","Figure from external organization",""
"OA","Annual population","356","India","511","Total Population - Both sexes","3010","Population - Est. & Proj.","2013","2013","1000 No","1295829.511","X","Figure from external organization",""
"OA","Annual population","356","India","511","Total Population - Both sexes","3010","Population - Est. & Proj.","2014","2014","1000 No","1312277.191","X","Figure from external organization",""
"OA","Annual population","356","India","511","Total Population - Both sexes","3010","Population - Est. & Proj.","2015","2015","1000 No","1328024.498","X","Figure from external organization",""
"OA","Annual population","356","India","511","Total Population - Both sexes","3010","Population - Est. & Proj.","2016","2016","1000 No","1343944.296","X","Figure from external organization",""
"OA","Annual population","356","India","511","Total Population - Both sexes","3010","Population - Est. & Proj.","2017","2017","1000 No","1359657.4","X","Figure from external organization",""
"OA","Annual population","356","India","511","Total Population - Both sexes","3010","Population - Est. & Proj.","2018","2018","1000 No","1374659.064","X","Figure from external organization",""
"OA","Annual population","356","India","511","Total Population - Both sexes","3010","Population - Est. & Proj.","2019","2019","1000 No","1389030.312","X","Figure from external organization",""
"OA","Annual population","356","India","511","Total Population - Both sexes","3010","Population - Est. & Proj.","2020","2020","1000 No","1402617.695","X","Figure from external organization",""
"OA","Annual population","356","India","511","Total Population - Both sexes","3010","Population - Est. & Proj.","2021","2021","1000 No","1414203.896","X","Figure from external organization",""
"OA","Annual population","356","India","511","Total Population - Both sexes","3010","Population - Est. & Proj.","2022","2022","1000 No","1425423.212","X","Figure from external organization",""
"OA","Annual population","356","India","511","Total Population - Both sexes","3010","Population - Est. & Proj.","2023","2023","1000 No","1438069.596","X","Figure from external organization",""
"OA","Annual population","356","India","511","Total Population - Both sexes","3010","Population - Est. & Proj.","2024","2024","1000 No","1450935.791","X","Figure from external organization",""
"OA","Annual population","360","Indonesia","511","Total Population - Both sexes","3010","Population - Est. & Proj.","2010","2010","1000 No","246305.322","X","Figure from external organization",""
"OA","Annual population","360","Indonesia","511","Total Population - Both sexes","3010","Population - Est. & Proj.","2011","2011","1000 No","249470.032","X","Figure from external organization",""
"OA","Annual population","360","Indonesia","511","Total Population - Both sexes","3010","Population - Est. & Proj.","2012","2012","1000 No","252698.525","X","Figure from external organization",""
"OA","Annual population","360","Indonesia","511","Total Population - Both sexes","3010","Population - Est. & Proj.","2013","2013","1000 No","255852.467","X","Figure from external organization",""
"OA","Annual population","360","Indonesia","511","Total Population - Both sexes","3010","Population - Est. & Proj.","2014","2014","1000 No","258877.399","X","Figure from external organization",""
"OA","Annual population","360","Indonesia","511","Total Population - Both sexes","3010","Population - Est. & Proj.","2015","2015","1000 No","261799.249","X","Figure from external organization",""
"OA","Annual population","360","Indonesia","511","Total Population - Both sexes","3010","Population - Est. & Proj.","2016","2016","1000 No","264627.418","X","Figure from external organization",""
"OA","Annual population","360","Indonesia","511","Total Population - Both sexes","3010","Population - Est. & Proj.","2017","2017","1000 No","267346.658","X","Figure from external organization",""
"OA","Annual population","360","Indonesia","511","Total Population - Both sexes","3010","Population - Est. & Proj.","2018","2018","1000 No","269951.846","X","Figure from external organization",""
"OA","Annual population","360","Indonesia","511","Total Population - Both sexes","3010","Population - Est. & Proj.","2019","2019","1000 No","272489.381","X","Figure from external organization",""
"OA","Annual population","360","Indonesia","511","Total Population - Both sexes","3010","Population - Est. & Proj.","2020","2020","1000 No","274814.866","X","Figure from external organization",""
"OA","Annual population","360","Indonesia","511","Total Population - Both sexes","3010","Population - Est. & Proj.","2021","2021","1000 No","276758.053","X","Figure from external organization",""
"OA","Annual population","360","Indonesia","511","Total Population - Both sexes","3010","Population - Est. & Proj.","2022","2022","1000 No","278830.529","X","Figure from external organization",""
"OA","Annual population","360","Indonesia","511","Total Population - Both sexes","3010","Population - Est. & Proj.","2023","2023","1000 No","281190.067","X","Figure from external organization",""
"OA","Annual population","360","Indonesia","511","Total Population - Both sexes","3010","Population - Est. & Proj.","2024","2024","1000 No","283487.931","X","Figure from external organization",""
"OA","Annual population","364","Iran (Islamic Republic of)","511","Total Population - Both sexes","3010","Population - Est. & Proj.","2010","2010","1000 No","77420.843","X","Figure from external organization",""
"OA","Annual population","364","Iran (Islamic Republic of)","511","Total Population - Both sexes","3010","Population - Est. & Proj.","2011","2011","1000 No","78383.598","X","Figure from external organization",""
"OA","Annual population","364","Iran (Islamic Republic of)","511","Total Population - Both sexes","3010","Population - Est. & Proj.","2012","2012","1000 No","79370.58","X","Figure from external organization",""
"OA","Annual population","364","Iran (Islamic Republic of)","511","Total Population - Both sexes","3010","Population - Est. & Proj.","2013","2013","1000 No","80414.686","X","Figure from external organization",""
"OA","Annual population","364","Iran (Islamic Republic of)","511","Total Population - Both sexes","3010","Population - Est. & Proj.","2014","2014","1000 No","81502.045","X","Figure from external organization",""
"OA","Annual population","364","Iran (Islamic Republic of)","511","Total Population - Both sexes","3010","Population - Est. & Proj.","2015","2015","1000 No","82619.362","X","Figure from external organization",""
"OA","Annual population","364","Iran (Islamic Republic of)","511","Total Population - Both sexes","3010","Population - Est. & Proj.","2016","2016","1000 No","83812.228","X","Figure from external organization",""
"OA","Annual population","364","Iran (Islamic Republic of)","511","Total Population - Both sexes","3010","Population - Est. & Proj.","2017","2017","1000 No","85026.754","X","Figure from external organization",""
"OA","Annual population","364","Iran (Islamic Republic of)","511","Total Population - Both sexes","3010","Population - Est. & Proj.","2018","2018","1000 No","86117.998","X","Figure from external organization",""
"OA","Annual population","364","Iran (Islamic Republic of)","511","Total Population - Both sexes","3010","Population - Est. & Proj.","2019","2019","1000 No","87051.648","X","Figure from external organization",""
"OA","Annual population","364","Iran (Islamic Republic of)","511","Total Population - Both sexes","3010","Population - Est. & Proj.","2020","2020","1000 No","87723.443","X","Figure from external organization",""
"OA","Annual population","364","Iran (Islamic Republic of)","511","Total Population - Both sexes","3010","Population - Est. & Proj.","2021","2021","1000 No","88455.488","X","Figure from external organization",""
"OA","Annual population","364","Iran (Islamic Republic of)","511","Total Population - Both sexes","3010","Population - Est. & Proj.","2022","2022","1000 No","89524.246","X","Figure from external organization",""
"OA","Annual population","364","Iran (Islamic Republic of)","511","Total Population - Both sexes","3010","Population - Est. & Proj.","2023","2023","1000 No","90608.707","X","Figure from external organization",""
"OA","Annual population","364","Iran (Islamic Republic of)","511","Total Population - Both sexes","3010","Population - Est. & Proj.","2024","2024","1000 No","91567.738","X","Figure from external organization",""
"OA","Annual population","392","Japan","511","Total Population - Both sexes","3010","Population - Est. & Proj.","2010","2010","1000 No","128185.275","X","Figure from external organization",""
"OA","Annual population","392","Japan","511","Total Population - Both sexes","3010","Population - Est. & Proj.","2011","2011","1000 No","128096.432","X","Figure from external organization",""
"OA","Annual population","392","Japan","511","Total Population - Both sexes","3010","Population - Est. & Proj.","2012","2012","1000 No","127928.285","X","Figure from external organization",""
"OA","Annual population","392","Japan","511","Total Population - Both sexes","3010","Population - Est. & Proj.","2013","2013","1000 No","127723.645","X","Figure from external organization",""
"OA","Annual population","392","Japan","511","Total Population - Both sexes","3010","Population - Est. & Proj.","2014","2014","1000 No","127486.605","X","Figure from external organization",""
"OA","Annual population","392","Japan","511","Total Population - Both sexes","3010","Population - Est. & Proj.","2015","2015","1000 No","127275.872","X","Figure from external organization",""
"OA","Annual population","392","Japan","511","Total Population - Both sexes","3010","Population - Est. & Proj.","2016","2016","1000 No","127159.951","X","Figure from external organization",""
"OA","Annual population","392","Japan","511","Total Population - Both sexes","3010","Population - Est. & Proj.","2017","2017","1000 No","127064.69","X","Figure from external organization",""
"OA","Annual population","392","Japan","511","Total Population - Both sexes","3010","Population - Est. & Proj.","2018","2018","1000 No","126913.432","X","Figure from external organization",""
"OA","Annual population","392","Japan","511","Total Population - Both sexes","3010","Population - Est. & Proj.","2019","2019","1000 No","126699.424","X","Figure from external organization",""
"OA","Annual population","392","Japan","511","Total Population - Both sexes","3010","Population - Est. & Proj.","2020","2020","1000 No","126304.543","X","Figure from external organization",""
"OA","Annual population","392","Japan","511","Total Population - Both sexes","3010","Population - Est. & Proj.","2021","2021","1000 No","125679.338","X","Figure from external organization",""
"OA","Annual population","392","Japan","511","Total Population - Both sexes","3010","Population - Est. & Proj.","2022","2022","1000 No","124997.578","X","Figure from external organization",""
"OA","Annual population","392","Japan","511","Total Population - Both sexes","3010","Population - Est. & Proj.","2023","2023","1000 No","124370.947","X","Figure from external organization",""
"OA","Annual population","392","Japan","511","Total Population - Both sexes","3010","Population - Est. & Proj.","2024","2024","1000 No","123753.041","X","Figure from external organization",""
"OA","Annual population","398","Kazakhstan","511","Total Population - Both sexes","3010","Population - Est. & Proj.","2010","2010","1000 No","16836.81","X","Figure from external organization",""
"OA","Annual population","398","Kazakhstan","511","Total Population - Both sexes","3010","Population - Est. & Proj.","2011","2011","1000 No","17066.002","X","Figure from external organization",""
"OA","Annual population","398","Kazakhstan","511","Total Population - Both sexes","3010","Population - Est. & Proj.","2012","2012","1000 No","17306.106","X","Figure from external organization",""
"OA","Annual population","398","Kazakhstan","511","Total Population - Both sexes","3010","Population - Est. & Proj.","2013","2013","1000 No","17556.502","X","Figure from external organization",""
"OA","Annual population","398","Kazakhstan","511","Total Population - Both sexes","3010","Population - Est. & Proj.","2014","2014","1000 No","17816.285","X","Figure from external organization",""
"OA","Annual population","398","Kazakhstan","511","Total Population - Both sexes","3010","Population - Est. & Proj.","2015","2015","1000 No","18084.169","X","Figure from external organization",""
"OA","Annual population","398","Kazakhstan","511","Total Population - Both sexes","3010","Population - Est. & Proj.","2016","2016","1000 No","18363.6","X","Figure from external organization",""
"OA","Annual population","398","Kazakhstan","511","Total Population - Both sexes","3010","Population - Est. & Proj.","2017","2017","1000 No","18651.931","X","Figure from external organization",""
"OA","Annual population","398","Kazakhstan","511","Total Population - Both sexes","3010","Population - Est. & Proj.","2018","2018","1000 No","18932.727","X","Figure from external organization",""
"OA","Annual population","398","Kazakhstan","511","Total Population - Both sexes","3010","Population - Est. & Proj.","2019","2019","1000 No","19209.555","X","Figure from external organization",""
"OA","Annual population","398","Kazakhstan","511","Total Population - Both sexes","3010","Population - Est. & Proj.","2020","2020","1000 No","19482.117","X","Figure from external organization",""
"OA","Annual population","398","Kazakhstan","511","Total Population - Both sexes","3010","Population - Est. & Proj.","2021","2021","1000 No","19743.603","X","Figure from external organization",""
"OA","Annual population","398","Kazakhstan","511","Total Population - Both sexes","3010","Population - Est. & Proj.","2022","2022","1000 No","20034.609","X","Figure from external organization",""
"OA","Annual population","398","Kazakhstan","511","Total Population - Both sexes","3010","Population - Est. & Proj.","2023","2023","1000 No","20330.104","X","Figure from external organization",""
"OA","Annual population","398","Kazakhstan","511","Total Population - Both sexes","3010","Population - Est. & Proj.","2024","2024","1000 No","20592.571","X","Figure from external organization",""
"OA","Annual population","417","Kyrgyzstan","511","Total Population - Both sexes","3010","Population - Est. & Proj.","2010","2010","1000 No","5491.761","X","Figure from external organization",""
"OA","Annual population","417","Kyrgyzstan","511","Total Population - Both sexes","3010","Population - Est. & Proj.","2011","2011","1000 No","5594.535","X","Figure from external organization",""
"OA","Annual population","417","Kyrgyzstan","511","Total Population - Both sexes","3010","Population - Est. & Proj.","2012","2012","1000 No","5696.519","X","Figure from external organization",""
"OA","Annual population","417","Kyrgyzstan","511","Total Population - Both sexes","3010","Population - Est. & Proj.","2013","2013","1000 No","5797.289","X","Figure from external organization",""
"OA","Annual population","417","Kyrgyzstan","511","Total Population - Both sexes","3010","Population - Est. & Proj.","2014","2014","1000 No","5898.319","X","Figure from external organization",""
"OA","Annual population","417","Kyrgyzstan","511","Total Population - Both sexes","3010","Population - Est. & Proj.","2015","2015","1000 No","6001.882","X","Figure from external organization",""
"OA","Annual population","417","Kyrgyzstan","511","Total Population - Both sexes","3010","Population - Est. & Proj.","2016","2016","1000 No","6108.462","X","Figure from external organization",""
"OA","Annual population","417","Kyrgyzstan","511","Total Population - Both sexes","3010","Population - Est. & Proj.","2017","2017","1000 No","6220.15","X","Figure from external organization",""
"OA","Annual population","417","Kyrgyzstan","511","Total Population - Both sexes","3010","Population - Est. & Proj.","2018","2018","1000 No","6341.732","X","Figure from external organization",""
"OA","Annual population","417","Kyrgyzstan","511","Total Population - Both sexes","3010","Population - Est. & Proj.","2019","2019","1000 No","6494.035","X","Figure from external organization",""
"OA","Annual population","417","Kyrgyzstan","511","Total Population - Both sexes","3010","Population - Est. & Proj.","2020","2020","1000 No","6664.14","X","Figure from external organization",""
"OA","Annual population","417","Kyrgyzstan","511","Total Population - Both sexes","3010","Population - Est. & Proj.","2021","2021","1000 No","6820.479","X","Figure from external organization",""
"OA","Annual population","417","Kyrgyzstan","511","Total Population - Both sexes","3010","Population - Est. & Proj.","2022","2022","1000 No","6955.788","X","Figure from external organization",""
"OA","Annual population","417","Kyrgyzstan","511","Total Population - Both sexes","3010","Population - Est. & Proj.","2023","2023","1000 No","7073.516","X","Figure from external organization",""
"OA","Annual population","417","Kyrgyzstan","511","Total Population - Both sexes","3010","Population - Est. & Proj.","2024","2024","1000 No","7186.009","X","Figure from external organization",""
"OA","Annual population","458","Malaysia","511","Total Population - Both sexes","3010","Population - Est. & Proj.","2010","2010","1000 No","28655.776","X","Figure from external organization",""
"OA","Annual population","458","Malaysia","511","Total Population - Both sexes","3010","Population - Est. & Proj.","2011","2011","1000 No","29162.039","X","Figure from external organization",""
"OA","Annual population","458","Malaysia","511","Total Population - Both sexes","3010","Population - Est. & Proj.","2012","2012","1000 No","29662.831","X","Figure from external organization",""
"OA","Annual population","458","Malaysia","511","Total Population - Both sexes","3010","Population - Est. & Proj.","2013","2013","1000 No","30174.265","X","Figure from external organization",""
"OA","Annual population","458","Malaysia","511","Total Population - Both sexes","3010","Population - Est. & Proj.","2014","2014","1000 No","30696.137","X","Figure from external organization",""
"OA","Annual population","458","Malaysia","511","Total Population - Both sexes","3010","Population - Est. & Proj.","2015","2015","1000 No","31232.798","X","Figure from external organization",""
"OA","Annual population","458","Malaysia","511","Total Population - Both sexes","3010","Population - Est. & Proj.","2016","2016","1000 No","31789.686","X","Figure from external organization",""
"OA","Annual population","458","Malaysia","511","Total Population - Both sexes","3010","Population - Est. & Proj.","2017","2017","1000 No","32355.644","X","Figure from external organization",""
"OA","Annual population","458","Malaysia","511","Total Population - Both sexes","3010","Population - Est. & Proj.","2018","2018","1000 No","32910.967","X","Figure from external organization",""
"OA","Annual population","458","Malaysia","511","Total Population - Both sexes","3010","Population - Est. & Proj.","2019","2019","1000 No","33440.596","X","Figure from external organization",""
"OA","Annual population","458","Malaysia","511","Total Population - Both sexes","3010","Population - Est. & Proj.","2020","2020","1000 No","33889.558","X","Figure from external organization",""
"OA","Annual population","458","Malaysia","511","Total Population - Both sexes","3010","Population - Est. & Proj.","2021","2021","1000 No","34282.399","X","Figure from external organization",""
"OA","Annual population","458","Malaysia","511","Total Population - Both sexes","3010","Population - Est. & Proj.","2022","2022","1000 No","34695.493","X","Figure from external organization",""
"OA","Annual population","458","Malaysia","511","Total Population - Both sexes","3010","Population - Est. & Proj.","2023","2023","1000 No","35126.298","X","Figure from external organization",""
"OA","Annual population","458","Malaysia","511","Total Population - Both sexes","3010","Population - Est. & Proj.","2024","2024","1000 No","35557.673","X","Figure from external organization",""
"OA","Annual population","496","Mongolia","511","Total Population - Both sexes","3010","Population - Est. & Proj.","2010","2010","1000 No","2701.732","X","Figure from external organization",""
"OA","Annual population","496","Mongolia","511","Total Population - Both sexes","3010","Population - Est. & Proj.","2011","2011","1000 No","2745.18","X","Figure from external organization",""
"OA","Annual population","496","Mongolia","511","Total Population - Both sexes","3010","Population - Est. & Proj.","2012","2012","1000 No","2795.459","X","Figure from external organization",""
"OA","Annual population","496","Mongolia","511","Total Population - Both sexes","3010","Population - Est. & Proj.","2013","2013","1000 No","2851.881","X","Figure from external organization",""
"OA","Annual population","496","Mongolia","511","Total Population - Both sexes","3010","Population - Est. & Proj.","2014","2014","1000 No","2913.039","X","Figure from external organization",""
"OA","Annual population","496","Mongolia","511","Total Population - Both sexes","3010","Population - Est. & Proj.","2015","2015","1000 No","2976.526","X","Figure from external organization",""
"OA","Annual population","496","Mongolia","511","Total Population - Both sexes","3010","Population - Est. & Proj.","2016","2016","1000 No","3040.812","X","Figure from external organization",""
"OA","Annual population","496","Mongolia","511","Total Population - Both sexes","3010","Population - Est. & Proj.","2017","2017","1000 No","3104.364","X","Figure from external organization",""
"OA","Annual population","496","Mongolia","511","Total Population - Both sexes","3010","Population - Est. & Proj.","2018","2018","1000 No","3167.706","X","Figure from external organization",""
"OA","Annual population","496","Mongolia","511","Total Population - Both sexes","3010","Population - Est. & Proj.","2019","2019","1000 No","3232.113","X","Figure from external organization",""
"OA","Annual population","496","Mongolia","511","Total Population - Both sexes","3010","Population - Est. & Proj.","2020","2020","1000 No","3290.785","X","Figure from external organization",""
"OA","Annual population","496","Mongolia","511","Total Population - Both sexes","3010","Population - Est. & Proj.","2021","2021","1000 No","3339.674","X","Figure from external organization",""
"OA","Annual population","496","Mongolia","511","Total Population - Both sexes","3010","Population - Est. & Proj.","2022","2022","1000 No","3386.015","X","Figure from external organization",""
"OA","Annual population","496","Mongolia","511","Total Population - Both sexes","3010","Population - Est. & Proj.","2023","2023","1000 No","3431.932","X","Figure from external organization",""
"OA","Annual population","496","Mongolia","511","Total Population - Both sexes","3010","Population - Est. & Proj.","2024","2024","1000 No","3475.54","X","Figure from external organization",""
"OA","Annual population","104","Myanmar","511","Total Population - Both sexes","3010","Population - Est. & Proj.","2010","2010","1000 No","49024.382","X","Figure from external organization",""
"OA","Annual population","104","Myanmar","511","Total Population - Both sexes","3010","Population - Est. & Proj.","2011","2011","1000 No","49419.82","X","Figure from external organization",""
"OA","Annual population","104","Myanmar","511","Total Population - Both sexes","3010","Population - Est. & Proj.","2012","2012","1000 No","49837.446","X","Figure from external organization",""
"OA","Annual population","104","Myanmar","511","Total Population - Both sexes","3010","Population - Est. & Proj.","2013","2013","1000 No","50262.658","X","Figure from external organization",""
"OA","Annual population","104","Myanmar","511","Total Population - Both sexes","3010","Population - Est. & Proj.","2014","2014","1000 No","50681.634","X","Figure from external organization",""
"OA","Annual population","104","Myanmar","511","Total Population - Both sexes","3010","Population - Est. & Proj.","2015","2015","1000 No","51089.056","X","Figure from external organization",""
"OA","Annual population","104","Myanmar","511","Total Population - Both sexes","3010","Population - Est. & Proj.","2016","2016","1000 No","51495.696","X","Figure from external organization",""
"OA","Annual population","104","Myanmar","511","Total Population - Both sexes","3010","Population - Est. & Proj.","2017","2017","1000 No","51894.938","X","Figure from external organization",""
"OA","Annual population","104","Myanmar","511","Total Population - Both sexes","3010","Population - Est. & Proj.","2018","2018","1000 No","52272.247","X","Figure from external organization",""
"OA","Annual population","104","Myanmar","511","Total Population - Both sexes","3010","Population - Est. & Proj.","2019","2019","1000 No","52640.713","X","Figure from external organization",""
"OA","Annual population","104","Myanmar","511","Total Population - Both sexes","3010","Population - Est. & Proj.","2020","2020","1000 No","53016.522","X","Figure from external organization",""
"OA","Annual population","104","Myanmar","511","Total Population - Both sexes","3010","Population - Est. & Proj.","2021","2021","1000 No","53387.102","X","Figure from external organization",""
"OA","Annual population","104","Myanmar","511","Total Population - Both sexes","3010","Population - Est. & Proj.","2022","2022","1000 No","53756.787","X","Figure from external organization",""
"OA","Annual population","104","Myanmar","511","Total Population - Both sexes","3010","Population - Est. & Proj.","2023","2023","1000 No","54133.798","X","Figure from external organization",""
"OA","Annual population","104","Myanmar","511","Total Population - Both sexes","3010","Population - Est. & Proj.","2024","2024","1000 No","54500.091","X","Figure from external organization",""
"OA","Annual population","524","Nepal","511","Total Population - Both sexes","3010","Population - Est. & Proj.","2010","2010","1000 No","27341.952","X","Figure from external organization",""
"OA","Annual population","524","Nepal","511","Total Population - Both sexes","3010","Population - Est. & Proj.","2011","2011","1000 No","27464.494","X","Figure from external organization",""
"OA","Annual population","524","Nepal","511","Total Population - Both sexes","3010","Population - Est. & Proj.","2012","2012","1000 No","27534.915","X","Figure from external organization",""
"OA","Annual population","524","Nepal","511","Total Population - Both sexes","3010","Population - Est. & Proj.","2013","2013","1000 No","27589.996","X","Figure from external organization",""
"OA","Annual population","524","Nepal","511","Total Population - Both sexes","3010","Population - Est. & Proj.","2014","2014","1000 No","27672.37","X","Figure from external organization",""
"OA","Annual population","524","Nepal","511","Total Population - Both sexes","3010","Population - Est. & Proj.","2015","2015","1000 No","27823.629","X","Figure from external organization",""
"OA","Annual population","524","Nepal","511","Total Population - Both sexes","3010","Population - Est. & Proj.","2016","2016","1000 No","27955.462","X","Figure from external organization",""
"OA","Annual population","524","Nepal","511","Total Population - Both sexes","3010","Population - Est. & Proj.","2017","2017","1000 No","28011.258","X","Figure from external organization",""
"OA","Annual population","524","Nepal","511","Total Population - Both sexes","3010","Population - Est. & Proj.","2018","2018","1000 No","28079.689","X","Figure from external organization",""
"OA","Annual population","524","Nepal","511","Total Population - Both sexes","3010","Population - Est. & Proj.","2019","2019","1000 No","28414.064","X","Figure from external organization",""
"OA","Annual population","524","Nepal","511","Total Population - Both sexes","3010","Population - Est. & Proj.","2020","2020","1000 No","28966.574","X","Figure from external organization",""
"OA","Annual population","524","Nepal","511","Total Population - Both sexes","3010","Population - Est. & Proj.","2021","2021","1000 No","29475.01","X","Figure from external organization",""
"OA","Annual population","524","Nepal","511","Total Population - Both sexes","3010","Population - Est. & Proj.","2022","2022","1000 No","29715.436","X","Figure from external organization",""
"OA","Annual population","524","Nepal","511","Total Population - Both sexes","3010","Population - Est. & Proj.","2023","2023","1000 No","29694.614","X","Figure from external organization",""
"OA","Annual population","524","Nepal","511","Total Population - Both sexes","3010","Population - Est. & Proj.","2024","2024","1000 No","29651.054","X","Figure from external organization",""
"OA","Annual population","512","Oman","511","Total Population - Both sexes","3010","Population - Est. & Proj.","2010","2010","1000 No","2757.446","X","Figure from external organization",""
"OA","Annual population","512","Oman","511","Total Population - Both sexes","3010","Population - Est. & Proj.","2011","2011","1000 No","3076.763","X","Figure from external organization",""
"OA","Annual population","512","Oman","511","Total Population - Both sexes","3010","Population - Est. & Proj.","2012","2012","1000 No","3547.106","X","Figure from external organization",""
"OA","Annual population","512","Oman","511","Total Population - Both sexes","3010","Population - Est. & Proj.","2013","2013","1000 No","3833.913","X","Figure from external organization",""
"OA","Annual population","512","Oman","511","Total Population - Both sexes","3010","Population - Est. & Proj.","2014","2014","1000 No","4002.439","X","Figure from external organization",""
"OA","Annual population","512","Oman","511","Total Population - Both sexes","3010","Population - Est. & Proj.","2015","2015","1000 No","4184.895","X","Figure from external organization",""
"OA","Annual population","512","Oman","511","Total Population - Both sexes","3010","Population - Est. & Proj.","2016","2016","1000 No","4390.877","X","Figure from external organization",""
"OA","Annual population","512","Oman","511","Total Population - Both sexes","3010","Population - Est. & Proj.","2017","2017","1000 No","4537.396","X","Figure from external organization",""
"OA","Annual population","512","Oman","511","Total Population - Both sexes","3010","Population - Est. & Proj.","2018","2018","1000 No","4597.877","X","Figure from external organization",""
"OA","Annual population","512","Oman","511","Total Population - Both sexes","3010","Population - Est. & Proj.","2019","2019","1000 No","4591.241","X","Figure from external organization",""
"OA","Annual population","512","Oman","511","Total Population - Both sexes","3010","Population - Est. & Proj.","2020","2020","1000 No","4522.497","X","Figure from external organization",""
"OA","Annual population","512","Oman","511","Total Population - Both sexes","3010","Population - Est. & Proj.","2021","2021","1000 No","4500.424","X","Figure from external organization",""
"OA","Annual population","512","Oman","511","Total Population - Both sexes","3010","Population - Est. & Proj.","2022","2022","1000 No","4730.226","X","Figure from external organization",""
"OA","Annual population","512","Oman","511","Total Population - Both sexes","3010","Population - Est. & Proj.","2023","2023","1000 No","5049.269","X","Figure from external organization",""
"OA","Annual population","512","Oman","511","Total Population - Both sexes","3010","Population - Est. & Proj.","2024","2024","1000 No","5281.538","X","Figure from external organization",""
"OA","Annual population","586","Pakistan","511","Total Population - Both sexes","3010","Population - Est. & Proj.","2010","2010","1000 No","199239.047","X","Figure from external organization",""
"OA","Annual population","586","Pakistan","511","Total Population - Both sexes","3010","Population - Est. & Proj.","2011","2011","1000 No","203746.065","X","Figure from external organization",""
"OA","Annual population","586","Pakistan","511","Total Population - Both sexes","3010","Population - Est. & Proj.","2012","2012","1000 No","207667.125","X","Figure from external organization",""
"OA","Annual population","586","Pakistan","511","Total Population - Both sexes","3010","Population - Est. & Proj.","2013","2013","1000 No","211073.978","X","Figure from external organization",""
"OA","Annual population","586","Pakistan","511","Total Population - Both sexes","3010","Population - Est. & Proj.","2014","2014","1000 No","214264.647","X","Figure from external organization",""
"OA","Annual population","586","Pakistan","511","Total Population - Both sexes","3010","Population - Est. & Proj.","2015","2015","1000 No","217290.883","X","Figure from external organization",""
"OA","Annual population","586","Pakistan","511","Total Population - Both sexes","3010","Population - Est. & Proj.","2016","2016","1000 No","220138.869","X","Figure from external organization",""
"OA","Annual population","586","Pakistan","511","Total Population - Both sexes","3010","Population - Est. & Proj.","2017","2017","1000 No","223273.967","X","Figure from external organization",""
"OA","Annual population","586","Pakistan","511","Total Population - Both sexes","3010","Population - Est. & Proj.","2018","2018","1000 No","226928.892","X","Figure from external organization",""
"OA","Annual population","586","Pakistan","511","Total Population - Both sexes","3010","Population - Est. & Proj.","2019","2019","1000 No","230800.899","X","Figure from external organization",""
"OA","Annual population","586","Pakistan","511","Total Population - Both sexes","3010","Population - Est. & Proj.","2020","2020","1000 No","235001.746","X","Figure from external organization",""
"OA","Annual population","586","Pakistan","511","Total Population - Both sexes","3010","Population - Est. & Proj.","2021","2021","1000 No","239477.801","X","Figure from external organization",""
"OA","Annual population","586","Pakistan","511","Total Population - Both sexes","3010","Population - Est. & Proj.","2022","2022","1000 No","243700.667","X","Figure from external organization",""
"OA","Annual population","586","Pakistan","511","Total Population - Both sexes","3010","Population - Est. & Proj.","2023","2023","1000 No","247504.495","X","Figure from external organization",""
"OA","Annual population","586","Pakistan","511","Total Population - Both sexes","3010","Population - Est. & Proj.","2024","2024","1000 No","251269.164","X","Figure from external organization",""
"OA","Annual population","608","Philippines","511","Total Population - Both sexes","3010","Population - Est. & Proj.","2010","2010","1000 No","96337.125","X","Figure from external organization",""
"OA","Annual population","608","Philippines","511","Total Population - Both sexes","3010","Population - Est. & Proj.","2011","2011","1000 No","98248.614","X","Figure from external organization",""
"OA","Annual population","608","Philippines","511","Total Population - Both sexes","3010","Population - Est. & Proj.","2012","2012","1000 No","100175.512","X","Figure from external organization",""
"OA","Annual population","608","Philippines","511","Total Population - Both sexes","3010","Population - Est. & Proj.","2013","2013","1000 No","102076.336","X","Figure from external organization",""
"OA","Annual population","608","Philippines","511","Total Population - Both sexes","3010","Population - Est. & Proj.","2014","2014","1000 No","103767.13","X","Figure from external organization",""
"OA","Annual population","608","Philippines","511","Total Population - Both sexes","3010","Population - Est. & Proj.","2015","2015","1000 No","105312.992","X","Figure from external organization",""
"OA","Annual population","608","Philippines","511","Total Population - Both sexes","3010","Population - Est. & Proj.","2016","2016","1000 No","106735.719","X","Figure from external organization",""
"OA","Annual population","608","Philippines","511","Total Population - Both sexes","3010","Population - Est. & Proj.","2017","2017","1000 No","108119.693","X","Figure from external organization",""
"OA","Annual population","608","Philippines","511","Total Population - Both sexes","3010","Population - Est. & Proj.","2018","2018","1000 No","109465.287","X","Figure from external organization",""
"OA","Annual population","608","Philippines","511","Total Population - Both sexes","3010","Population - Est. & Proj.","2019","2019","1000 No","110804.683","X","Figure from external organization",""
"OA","Annual population","608","Philippines","511","Total Population - Both sexes","3010","Population - Est. & Proj.","2020","2020","1000 No","112081.264","X","Figure from external organization",""
"OA","Annual population","608","Philippines","511","Total Population - Both sexes","3010","Population - Est. & Proj.","2021","2021","1000 No","113100.95","X","Figure from external organization",""
"OA","Annual population","608","Philippines","511","Total Population - Both sexes","3010","Population - Est. & Proj.","2022","2022","1000 No","113964.339","X","Figure from external organization",""
"OA","Annual population","608","Philippines","511","Total Population - Both sexes","3010","Population - Est. & Proj.","2023","2023","1000 No","114891.199","X","Figure from external organization",""
"OA","Annual population","608","Philippines","511","Total Population - Both sexes","3010","Population - Est. & Proj.","2024","2024","1000 No","115843.669","X","Figure from external organization",""
"OA","Annual population","410","Republic of Korea","511","Total Population - Both sexes","3010","Population - Est. & Proj.","2010","2010","1000 No","48769.332","X","Figure from external organization",""
"OA","Annual population","410","Republic of Korea","511","Total Population - Both sexes","3010","Population - Est. & Proj.","2011","2011","1000 No","49127.644","X","Figure from external organization",""
"OA","Annual population","410","Republic of Korea","511","Total Population - Both sexes","3010","Population - Est. & Proj.","2012","2012","1000 No","49599.579","X","Figure from external organization",""
"OA","Annual population","410","Republic of Korea","511","Total Population - Both sexes","3010","Population - Est. & Proj.","2013","2013","1000 No","50071.164","X","Figure from external organization",""
"OA","Annual population","410","Republic of Korea","511","Total Population - Both sexes","3010","Population - Est. & Proj.","2014","2014","1000 No","50539.056","X","Figure from external organization",""
"OA","Annual population","410","Republic of Korea","511","Total Population - Both sexes","3010","Population - Est. & Proj.","2015","2015","1000 No","50983.912","X","Figure from external organization",""
"OA","Annual population","410","Republic of Korea","511","Total Population - Both sexes","3010","Population - Est. & Proj.","2016","2016","1000 No","51297.839","X","Figure from external organization",""
"OA","Annual population","410","Republic of Korea","511","Total Population - Both sexes","3010","Population - Est. & Proj.","2017","2017","1000 No","51486.27","X","Figure from external organization",""
"OA","Annual population","410","Republic of Korea","511","Total Population - Both sexes","3010","Population - Est. & Proj.","2018","2018","1000 No","51640.894","X","Figure from external organization",""
"OA","Annual population","410","Republic of Korea","511","Total Population - Both sexes","3010","Population - Est. & Proj.","2019","2019","1000 No","51767.846","X","Figure from external organization",""
"OA","Annual population","410","Republic of Korea","511","Total Population - Both sexes","3010","Population - Est. & Proj.","2020","2020","1000 No","51858.482","X","Figure from external organization",""
"OA","Annual population","410","Republic of Korea","511","Total Population - Both sexes","3010","Population - Est. & Proj.","2021","2021","1000 No","51848.397","X","Figure from external organization",""
"OA","Annual population","410","Republic of Korea","511","Total Population - Both sexes","3010","Population - Est. & Proj.","2022","2022","1000 No","51782.512","X","Figure from external organization",""
"OA","Annual population","410","Republic of Korea","511","Total Population - Both sexes","3010","Population - Est. & Proj.","2023","2023","1000 No","51748.739","X","Figure from external organization",""
"OA","Annual population","410","Republic of Korea","511","Total Population - Both sexes","3010","Population - Est. & Proj.","2024","2024","1000 No","51717.59","X","Figure from external organization",""
"OA","Annual population","682","Saudi Arabia","511","Total Population - Both sexes","3010","Population - Est. & Proj.","2010","2010","1000 No","25157.128","X","Figure from external organization",""
"OA","Annual population","682","Saudi Arabia","511","Total Population - Both sexes","3010","Population - Est. & Proj.","2011","2011","1000 No","26105.645","X","Figure from external organization",""
"OA","Annual population","682","Saudi Arabia","511","Total Population - Both sexes","3010","Population - Est. & Proj.","2012","2012","1000 No","27062.443","X","Figure from external organization",""
"OA","Annual population","682","Saudi Arabia","511","Total Population - Both sexes","3010","Population - Est. & Proj.","2013","2013","1000 No","28026.825","X","Figure from external organization",""
"OA","Annual population","682","Saudi Arabia","511","Total Population - Both sexes","3010","Population - Est. & Proj.","2014","2014","1000 No","28998.128","X","Figure from external organization",""
"OA","Annual population","682","Saudi Arabia","511","Total Population - Both sexes","3010","Population - Est. & Proj.","2015","2015","1000 No","29974.938","X","Figure from external organization",""
"OA","Annual population","682","Saudi Arabia","511","Total Population - Both sexes","3010","Population - Est. & Proj.","2016","2016","1000 No","30717.808","X","Figure from external organization",""
"OA","Annual population","682","Saudi Arabia","511","Total Population - Both sexes","3010","Population - Est. & Proj.","2017","2017","1000 No","30782.402","X","Figure from external organization",""
"OA","Annual population","682","Saudi Arabia","511","Total Population - Both sexes","3010","Population - Est. & Proj.","2018","2018","1000 No","30365.121","X","Figure from external organization",""
"OA","Annual population","682","Saudi Arabia","511","Total Population - Both sexes","3010","Population - Est. & Proj.","2019","2019","1000 No","30472.812","X","Figure from external organization",""
"OA","Annual population","682","Saudi Arabia","511","Total Population - Both sexes","3010","Population - Est. & Proj.","2020","2020","1000 No","30991.207","X","Figure from external organization",""
"OA","Annual population","682","Saudi Arabia","511","Total Population - Both sexes","3010","Population - Est. & Proj.","2021","2021","1000 No","31328.375","X","Figure from external organization",""
"OA","Annual population","682","Saudi Arabia","511","Total Population - Both sexes","3010","Population - Est. & Proj.","2022","2022","1000 No","32175.352","X","Figure from external organization",""
"OA","Annual population","682","Saudi Arabia","511","Total Population - Both sexes","3010","Population - Est. & Proj.","2023","2023","1000 No","33264.292","X","Figure from external organization",""
"OA","Annual population","682","Saudi Arabia","511","Total Population - Both sexes","3010","Population - Est. & Proj.","2024","2024","1000 No","33962.757","X","Figure from external organization",""
"OA","Annual population","144","Sri Lanka","511","Total Population - Both sexes","3010","Population - Est. & Proj.","2010","2010","1000 No","20879.089","X","Figure from external organization",""
"OA","Annual population","144","Sri Lanka","511","Total Population - Both sexes","3010","Population - Est. & Proj.","2011","2011","1000 No","21009.048","X","Figure from external organization",""
"OA","Annual population","144","Sri Lanka","511","Total Population - Both sexes","3010","Population - Est. & Proj.","2012","2012","1000 No","21169.458","X","Figure from external organization",""
"OA","Annual population","144","Sri Lanka","511","Total Population - Both sexes","3010","Population - Est. & Proj.","2013","2013","1000 No","21358.827","X","Figure from external organization",""
"OA","Annual population","144","Sri Lanka","511","Total Population - Both sexes","3010","Population - Est. & Proj.","2014","2014","1000 No","21547.456","X","Figure from external organization",""
"OA","Annual population","144","Sri Lanka","511","Total Population - Both sexes","3010","Population - Est. & Proj.","2015","2015","1000 No","21729.972","X","Figure from external organization",""
"OA","Annual population","144","Sri Lanka","511","Total Population - Both sexes","3010","Population - Est. & Proj.","2016","2016","1000 No","21910.772","X","Figure from external organization",""
"OA","Annual population","144","Sri Lanka","511","Total Population - Both sexes","3010","Population - Est. & Proj.","2017","2017","1000 No","22087.522","X","Figure from external organization",""
"OA","Annual population","144","Sri Lanka","511","Total Population - Both sexes","3010","Population - Est. & Proj.","2018","2018","1000 No","22253.118","X","Figure from external organization",""
"OA","Annual population","144","Sri Lanka","511","Total Population - Both sexes","3010","Population - Est. & Proj.","2019","2019","1000 No","22410.552","X","Figure from external organization",""
"OA","Annual population","144","Sri Lanka","511","Total Population - Both sexes","3010","Population - Est. & Proj.","2020","2020","1000 No","22561.807","X","Figure from external organization",""
"OA","Annual population","144","Sri Lanka","511","Total Population - Both sexes","3010","Population - Est. & Proj.","2021","2021","1000 No","22700.372","X","Figure from external organization",""
"OA","Annual population","144","Sri Lanka","511","Total Population - Both sexes","3010","Population - Est. & Proj.","2022","2022","1000 No","22834.965","X","Figure from external organization",""
"OA","Annual population","144","Sri Lanka","511","Total Population - Both sexes","3010","Population - Est. & Proj.","2023","2023","1000 No","22971.617","X","Figure from external organization",""
"OA","Annual population","144","Sri Lanka","511","Total Population - Both sexes","3010","Population - Est. & Proj.","2024","2024","1000 No","23103.564","X","Figure from external organization",""
"OA","Annual population","762","Tajikistan","511","Total Population - Both sexes","3010","Population - Est. & Proj.","2010","2010","1000 No","7652.141","X","Figure from external organization",""
"OA","Annual population","762","Tajikistan","511","Total Population - Both sexes","3010","Population - Est. & Proj.","2011","2011","1000 No","7824.785","X","Figure from external organization",""
"OA","Annual population","762","Tajikistan","511","Total Population - Both sexes","3010","Population - Est. & Proj.","2012","2012","1000 No","8014.084","X","Figure from external organization",""
"OA","Annual population","762","Tajikistan","511","Total Population - Both sexes","3010","Population - Est. & Proj.","2013","2013","1000 No","8216.724","X","Figure from external organization",""
"OA","Annual population","762","Tajikistan","511","Total Population - Both sexes","3010","Population - Est. & Proj.","2014","2014","1000 No","8425.552","X","Figure from external organization",""
"OA","Annual population","762","Tajikistan","511","Total Population - Both sexes","3010","Population - Est. & Proj.","2015","2015","1000 No","8643.84","X","Figure from external organization",""
"OA","Annual population","762","Tajikistan","511","Total Population - Both sexes","3010","Population - Est. & Proj.","2016","2016","1000 No","8865.631","X","Figure from external organization",""
"OA","Annual population","762","Tajikistan","511","Total Population - Both sexes","3010","Population - Est. & Proj.","2017","2017","1000 No","9085.946","X","Figure from external organization",""
"OA","Annual population","762","Tajikistan","511","Total Population - Both sexes","3010","Population - Est. & Proj.","2018","2018","1000 No","9307.333","X","Figure from external organization",""
"OA","Annual population","762","Tajikistan","511","Total Population - Both sexes","3010","Population - Est. & Proj.","2019","2019","1000 No","9529.966","X","Figure from external organization",""
"OA","Annual population","762","Tajikistan","511","Total Population - Both sexes","3010","Population - Est. & Proj.","2020","2020","1000 No","9749.31","X","Figure from external organization",""
"OA","Annual population","762","Tajikistan","511","Total Population - Both sexes","3010","Population - Est. & Proj.","2021","2021","1000 No","9966.908","X","Figure from external organization",""
"OA","Annual population","762","Tajikistan","511","Total Population - Both sexes","3010","Population - Est. & Proj.","2022","2022","1000 No","10182.222","X","Figure from external organization",""
"OA","Annual population","762","Tajikistan","511","Total Population - Both sexes","3010","Population - Est. & Proj.","2023","2023","1000 No","10389.799","X","Figure from external organization",""
"OA","Annual population","762","Tajikistan","511","Total Population - Both sexes","3010","Population - Est. & Proj.","2024","2024","1000 No","10590.927","X","Figure from external organization",""
"OA","Annual population","764","Thailand","511","Total Population - Both sexes","3010","Population - Est. & Proj.","2010","2010","1000 No","68579.447","X","Figure from external organization",""
"OA","Annual population","764","Thailand","511","Total Population - Both sexes","3010","Population - Est. & Proj.","2011","2011","1000 No","69007.208","X","Figure from external organization",""
"OA","Annual population","764","Thailand","511","Total Population - Both sexes","3010","Population - Est. & Proj.","2012","2012","1000 No","69436.098","X","Figure from external organization",""
"OA","Annual population","764","Thailand","511","Total Population - Both sexes","3010","Population - Est. & Proj.","2013","2013","1000 No","69845.114","X","Figure from external organization",""
"OA","Annual population","764","Thailand","511","Total Population - Both sexes","3010","Population - Est. & Proj.","2014","2014","1000 No","70216.367","X","Figure from external organization",""
"OA","Annual population","764","Thailand","511","Total Population - Both sexes","3010","Population - Est. & Proj.","2015","2015","1000 No","70540.795","X","Figure from external organization",""
"OA","Annual population","764","Thailand","511","Total Population - Both sexes","3010","Population - Est. & Proj.","2016","2016","1000 No","70859.841","X","Figure from external organization",""
"OA","Annual population","764","Thailand","511","Total Population - Both sexes","3010","Population - Est. & Proj.","2017","2017","1000 No","71160.187","X","Figure from external organization",""
"OA","Annual population","764","Thailand","511","Total Population - Both sexes","3010","Population - Est. & Proj.","2018","2018","1000 No","71376.079","X","Figure from external organization",""
"OA","Annual population","764","Thailand","511","Total Population - Both sexes","3010","Population - Est. & Proj.","2019","2019","1000 No","71522.271","X","Figure from external organization",""
"OA","Annual population","764","Thailand","511","Total Population - Both sexes","3010","Population - Est. & Proj.","2020","2020","1000 No","71641.484","X","Figure from external organization",""
"OA","Annual population","764","Thailand","511","Total Population - Both sexes","3010","Population - Est. & Proj.","2021","2021","1000 No","71727.332","X","Figure from external organization",""
"OA","Annual population","764","Thailand","511","Total Population - Both sexes","3010","Population - Est. & Proj.","2022","2022","1000 No","71735.329","X","Figure from external organization",""
"OA","Annual population","764","Thailand","511","Total Population - Both sexes","3010","Population - Est. & Proj.","2023","2023","1000 No","71702.435","X","Figure from external organization",""
"OA","Annual population","764","Thailand","511","Total Population - Both sexes","3010","Population - Est. & Proj.","2024","2024","1000 No","71668.011","X","Figure from external organization",""
"OA","Annual population","792","Türkiye","511","Total Population - Both sexes","3010","Population - Est. & Proj.","2010","2010","1000 No","73346.769","X","Figure from external organization",""
"OA","Annual population","792","Türkiye","511","Total Population - Both sexes","3010","Population - Est. & Proj.","2011","2011","1000 No","74215.203","X","Figure from external organization",""
"OA","Annual population","792","Türkiye","511","Total Population - Both sexes","3010","Population - Est. & Proj.","2012","2012","1000 No","75197.199","X","Figure from external organization",""
"OA","Annual population","792","Türkiye","511","Total Population - Both sexes","3010","Population - Est. & Proj.","2013","2013","1000 No","76403.031","X","Figure from external organization",""
"OA","Annual population","792","Türkiye","511","Total Population - Both sexes","3010","Population - Est. & Proj.","2014","2014","1000 No","78036.154","X","Figure from external organization",""
"OA","Annual population","792","Türkiye","511","Total Population - Both sexes","3010","Population - Est. & Proj.","2015","2015","1000 No","80014.226","X","Figure from external organization",""
"OA","Annual population","792","Türkiye","511","Total Population - Both sexes","3010","Population - Est. & Proj.","2016","2016","1000 No","81652.088","X","Figure from external organization",""
"OA","Annual population","792","Türkiye","511","Total Population - Both sexes","3010","Population - Est. & Proj.","2017","2017","1000 No","83083.662","X","Figure from external organization",""
"OA","Annual population","792","Türkiye","511","Total Population - Both sexes","3010","Population - Est. & Proj.","2018","2018","1000 No","84415.969","X","Figure from external organization",""
"OA","Annual population","792","Türkiye","511","Total Population - Both sexes","3010","Population - Est. & Proj.","2019","2019","1000 No","85357.672","X","Figure from external organization",""
"OA","Annual population","792","Türkiye","511","Total Population - Both sexes","3010","Population - Est. & Proj.","2020","2020","1000 No","86091.692","X","Figure from external organization",""
"OA","Annual population","792","Türkiye","511","Total Population - Both sexes","3010","Population - Est. & Proj.","2021","2021","1000 No","86686.253","X","Figure from external organization",""
"OA","Annual population","792","Türkiye","511","Total Population - Both sexes","3010","Population - Est. & Proj.","2022","2022","1000 No","87058.473","X","Figure from external organization",""
"OA","Annual population","792","Türkiye","511","Total Population - Both sexes","3010","Population - Est. & Proj.","2023","2023","1000 No","87270.501","X","Figure from external organization",""
"OA","Annual population","792","Türkiye","511","Total Population - Both sexes","3010","Population - Est. & Proj.","2024","2024","1000 No","87473.805","X","Figure from external organization",""
"OA","Annual population","860","Uzbekistan","511","Total Population - Both sexes","3010","Population - Est. & Proj.","2010","2010","1000 No","28385.506","X","Figure from external organization",""
"OA","Annual population","860","Uzbekistan","511","Total Population - Both sexes","3010","Population - Est. & Proj.","2011","2011","1000 No","28823.196","X","Figure from external organization",""
"OA","Annual population","860","Uzbekistan","511","Total Population - Both sexes","3010","Population - Est. & Proj.","2012","2012","1000 No","29261.903","X","Figure from external organization",""
"OA","Annual population","860","Uzbekistan","511","Total Population - Both sexes","3010","Population - Est. & Proj.","2013","2013","1000 No","29724.065","X","Figure from external organization",""
"OA","Annual population","860","Uzbekistan","511","Total Population - Both sexes","3010","Population - Est. & Proj.","2014","2014","1000 No","30222.994","X","Figure from external organization",""
"OA","Annual population","860","Uzbekistan","511","Total Population - Both sexes","3010","Population - Est. & Proj.","2015","2015","1000 No","30749.346","X","Figure from external organization",""
"OA","Annual population","860","Uzbekistan","511","Total Population - Both sexes","3010","Population - Est. & Proj.","2016","2016","1000 No","31284.568","X","Figure from external organization",""
"OA","Annual population","860","Uzbekistan","511","Total Population - Both sexes","3010","Population - Est. & Proj.","2017","2017","1000 No","31819.178","X","Figure from external organization",""
"OA","Annual population","860","Uzbekistan","511","Total Population - Both sexes","3010","Population - Est. & Proj.","2018","2018","1000 No","32373.49","X","Figure from external organization",""
"OA","Annual population","860","Uzbekistan","511","Total Population - Both sexes","3010","Population - Est. & Proj.","2019","2019","1000 No","32964.701","X","Figure from external organization",""
"OA","Annual population","860","Uzbekistan","511","Total Population - Both sexes","3010","Population - Est. & Proj.","2020","2020","1000 No","33586.372","X","Figure from external organization",""
"OA","Annual population","860","Uzbekistan","511","Total Population - Both sexes","3010","Population - Est. & Proj.","2021","2021","1000 No","34243.696","X","Figure from external organization",""
"OA","Annual population","860","Uzbekistan","511","Total Population - Both sexes","3010","Population - Est. & Proj.","2022","2022","1000 No","34938.955","X","Figure from external organization",""
"OA","Annual population","860","Uzbekistan","511","Total Population - Both sexes","3010","Population - Est. & Proj.","2023","2023","1000 No","35652.307","X","Figure from external organization",""
"OA","Annual population","860","Uzbekistan","511","Total Population - Both sexes","3010","Population - Est. & Proj.","2024","2024","1000 No","36361.859","X","Figure from external organization",""
"OA","Annual population","704","Viet Nam","511","Total Population - Both sexes","3010","Population - Est. & Proj.","2010","2010","1000 No","87455.152","X","Figure from external organization",""
"OA","Annual population","704","Viet Nam","511","Total Population - Both sexes","3010","Population - Est. & Proj.","2011","2011","1000 No","88468.314","X","Figure from external organization",""
"OA","Annual population","704","Viet Nam","511","Total Population - Both sexes","3010","Population - Est. & Proj.","2012","2012","1000 No","89510.356","X","Figure from external organization",""
"OA","Annual population","704","Viet Nam","511","Total Population - Both sexes","3010","Population - Est. & Proj.","2013","2013","1000 No","90573.104","X","Figure from external organization",""
"OA","Annual population","704","Viet Nam","511","Total Population - Both sexes","3010","Population - Est. & Proj.","2014","2014","1000 No","91679.578","X","Figure from external organization",""
"OA","Annual population","704","Viet Nam","511","Total Population - Both sexes","3010","Population - Est. & Proj.","2015","2015","1000 No","92823.254","X","Figure from external organization",""
"OA","Annual population","704","Viet Nam","511","Total Population - Both sexes","3010","Population - Est. & Proj.","2016","2016","1000 No","94000.117","X","Figure from external organization",""
"OA","Annual population","704","Viet Nam","511","Total Population - Both sexes","3010","Population - Est. & Proj.","2017","2017","1000 No","95176.977","X","Figure from external organization",""
"OA","Annual population","704","Viet Nam","511","Total Population - Both sexes","3010","Population - Est. & Proj.","2018","2018","1000 No","96237.319","X","Figure from external organization",""
"OA","Annual population","704","Viet Nam","511","Total Population - Both sexes","3010","Population - Est. & Proj.","2019","2019","1000 No","97173.776","X","Figure from external organization",""
"OA","Annual population","704","Viet Nam","511","Total Population - Both sexes","3010","Population - Est. & Proj.","2020","2020","1000 No","98079.191","X","Figure from external organization",""
"OA","Annual population","704","Viet Nam","511","Total Population - Both sexes","3010","Population - Est. & Proj.","2021","2021","1000 No","98935.098","X","Figure from external organization",""
"OA","Annual population","704","Viet Nam","511","Total Population - Both sexes","3010","Population - Est. & Proj.","2022","2022","1000 No","99680.655","X","Figure from external organization",""
"OA","Annual population","704","Viet Nam","511","Total Population - Both sexes","3010","Population - Est. & Proj.","2023","2023","1000 No","100352.192","X","Figure from external organization",""
"OA","Annual population","704","Viet Nam","511","Total Population - Both sexes","3010","Population - Est. & Proj.","2024","2024","1000 No","100987.687","X","Figure from external organization",""
